EmployeeID,Name,Department,Designation,JoiningDate,Email,Phone,Location
EMP0001,Devyani Suresh Deore,Marketing,Brand Manager,02-11-2021,deoredevayani26@gmail.com,8999865483,Mumbai
EMP0002,Ashwini Anil Nikumbh,Finance,Account Executive,15-03-2022,nikumbhashwini17@gmail.com,9699357734,Pune
EMP0003,Khushbu Arun Jain,Human Resources,HR Specialist,28-06-2023,jainkhushbu1810@gmail.com,8055090520,Nashik
EMP0004,Mansi Anil Badgujar,IT,Software Engineer,19-08-2020,mansibadgujar99@gmail.com,7498448752,Nagpur
EMP0005,Nicholas Ortiz,Product,Admin Officer,14-07-2021,vjenkins@rios.com,(257)835-5072x364,North Caroline
EMP0006,Randy Drake,Admin,Marketing Specialist,26-12-2015,harmstrong@mann.com,688.097.9407,Barkerhaven
EMP0007,Andrew Quinn,Finance,Product Manager,12-10-2020,bhill@moore.com,(330)193-3660x415,Meadowsborough
EMP0008,Jason Diaz,Admin,Data Scientist,20-06-2022,jeremyross@duffy.com,(809)134-2846x59530,New Gabrielchester
EMP0009,Nicole Martinez,Customer Support,Operations Coordinator,14-06-2022,michael21@yahoo.com,804.617.6938x705,New Michael
EMP0010,Michelle Warner,Admin,Operations Coordinator,13-06-2025,iperkins@yahoo.com,304.221.9726,Jeffton
EMP0011,Christopher Espinoza,Admin,Marketing Specialist,21-10-2022,jessicahughes@clark-reyes.org,-2099,New James
EMP0012,Katherine Walker,Operations,Admin Officer,31-12-2021,karen49@garcia-bridges.org,249.435.3439x4789,Danielside
EMP0013,Jacob Dean,Customer Support,Product Manager,12-04-2019,angela64@bradley.info,001-022-412-6189x72281,Andrewview
EMP0014,Monica Davidson,Admin,Admin Officer,06-11-2018,melissahebert@cole.com,066-855-2091,Nguyenview
EMP0015,Johnathan Farley,Sales,Software Engineer,13-06-2024,aswanson@hotmail.com,001-712-799-0743x5870,Lake Ryan
EMP0016,Ronnie Hardin,Engineering,HR Manager,17-09-2017,kevinrose@mcfarland-humphrey.com,415-114-9495,Port Sheila
EMP0017,Steven Gilmore,Operations,Data Scientist,03-10-2023,ejones@hotmail.com,001-248-405-4003x20118,South Allison
EMP0018,Crystal Peterson,Marketing,Admin Officer,05-09-2021,hoffmancindy@diaz.com,793.620.5573,Lake Brookeville
EMP0019,Theresa Mitchell,Customer Support,Software Engineer,13-06-2018,michele23@herrera-allen.com,(081)133-7990x6885,Jacquelinechester
EMP0020,Danielle Torres,Finance,Product Manager,24-06-2021,mvance@sanders-moore.com,(768)829-8548,South Tyler
EMP0021,Robert Hodges,Admin,Finance Executive,05-07-2023,joanrobbins@singh.com,819-869-9610x577,Williamshaven
EMP0022,James Castillo,Customer Support,Data Scientist,22-04-2016,robertlawrence@yahoo.com,001-346-998-3857,Claytonview
EMP0023,Amanda Lee,Product,Customer Support Executive,07-07-2020,llucero@davis-hayes.com,2010300711,East Rogerstad
EMP0024,Hunter Jones,Customer Support,HR Manager,13-11-2024,mccallmitchell@gmail.com,001-951-536-0937x1026,Port Nicole
EMP0025,Karen Lee,Customer Support,Marketing Specialist,20-12-2016,gutierreztimothy@jacobs-horton.net,+1-101-781-7937x33158,Carolineside
EMP0026,Kristina Mcbride,Customer Support,Software Engineer,26-10-2021,schmidtmatthew@yahoo.com,(343)936-6675,North Mary
EMP0027,Richard Yates,Admin,Customer Support Executive,22-07-2016,jessicafuller@james-chase.com,+1-465-624-0600x10497,West Caitlin
EMP0028,Nicole Contreras,HR,HR Manager,21-08-2022,malonecolleen@davis-cochran.org,001-969-167-2606x886,West Krystalport
EMP0029,Molly Cole,Marketing,Sales Manager,16-06-2023,judyfitzgerald@yahoo.com,001-641-529-3267x4982,Gregoryberg
EMP0030,Rachel Lopez,Engineering,Software Engineer,24-07-2025,orobinson@george.info,001-760-305-5202,South Josephberg
EMP0031,Paul King,Admin,Marketing Specialist,18-04-2022,melinda59@hill.info,+1-941-515-9220x14702,North Kristy
EMP0032,Kyle Gonzalez,Product,Data Scientist,19-11-2020,mosborne@douglas-pena.com,208-537-3579x65436,New Marcus
EMP0033,Melanie Clark,Product,Data Scientist,23-03-2021,smithchristina@ross-trujillo.com,196.032.7202,Melanieport
EMP0034,Virginia Richmond,IT,HR Manager,08-02-2023,vgarcia@hotmail.com,897-052-5452x19857,Littlemouth
EMP0035,Cassandra Torres,Engineering,Customer Support Executive,16-05-2023,robertthomas@gmail.com,+1-347-718-0290x2050,East Jason
EMP0036,Joe Bennett,Finance,Data Scientist,04-08-2018,tina57@hotmail.com,3954605929,Dominicside
EMP0037,Misty Fernandez,Sales,HR Manager,10-02-2022,ashleycarlson@gilbert.com,6462744547,Baldwinmouth
EMP0038,Deborah Ford,Admin,Operations Coordinator,30-12-2018,xgarrett@henderson-armstrong.org,(129)025-7410,Frankberg
EMP0039,Peggy Vargas,Engineering,Operations Coordinator,05-11-2020,cfoster@russell.com,073.586.1418,Pinedachester
EMP0040,Lori Rodriguez,HR,Sales Manager,06-10-2021,kylepatterson@yahoo.com,001-457-231-3124x4913,Travistown
EMP0041,Jessica Miller,Operations,Data Scientist,23-03-2016,olsonchristy@gmail.com,364.982.0550,New Cynthiastad
EMP0042,Maria Henson,Product,Customer Support Executive,29-07-2023,shannon56@yahoo.com,917.392.2662x28292,Obrienberg
EMP0043,Laura Moreno,Sales,HR Manager,21-01-2019,owright@allen.com,350-480-4556,Port Joshuashire
EMP0044,Dylan Sanchez,HR,Admin Officer,01-05-2023,thomas23@gmail.com,775-086-3014,Santosborough
EMP0045,Michelle Parker,Sales,Product Manager,01-04-2020,macdonaldsamuel@hotmail.com,009.491.9198x634,East Shane
EMP0046,Stephen Hull,Marketing,Software Engineer,13-05-2021,uwilliams@jones.biz,071.356.4993x592,Mendozatown
EMP0047,Jennifer Williams,Sales,Product Manager,14-11-2020,vrivera@orr-gomez.com,+1-810-554-6603x609,Stricklandmouth
EMP0048,David Mclean,Product,Data Scientist,22-04-2024,njensen@yahoo.com,(257)571-0100,West Michael
EMP0049,Shelia Chen,Product,Data Scientist,06-12-2018,shanebishop@gmail.com,693.398.4127,Bakerstad
EMP0050,Deborah Walker,Product,Data Scientist,12-01-2024,brianryan@gmail.com,(497)328-4419x82640,South Connor
EMP0051,Amanda Melton,IT,Sales Manager,03-11-2020,clarkehannah@stevenson-smith.biz,(368)020-8676,Danielside
EMP0052,Gabriel Walker,IT,Finance Executive,14-12-2018,hallcraig@yahoo.com,456.539.0745x364,North Davidbury
EMP0053,Ashley Morrison,Marketing,Marketing Specialist,20-07-2023,jevans@gmail.com,(876)691-7854x6934,Perezville
EMP0054,Tamara Brown,Operations,Finance Executive,01-04-2023,amymills@waters.com,001-986-439-4114,New Katherine
EMP0055,Mrs. Angela Ryan,Operations,Software Engineer,02-09-2015,johnsonemily@gmail.com,589-516-0001x451,Fosterland
EMP0056,Ricardo Lopez,Operations,Sales Manager,08-01-2023,benjamin35@gmail.com,-10803,North Jessicaton
EMP0057,Jennifer Ortega,HR,Admin Officer,12-05-2018,wjones@brown-mathis.biz,409.426.8086,Courtneyfurt
EMP0058,Christine Ward,HR,Admin Officer,08-01-2016,phall@estrada.com,1564708829,East Angela
EMP0059,Michael Watson DDS,Admin,Operations Coordinator,13-12-2019,khart@brown-gibson.com,(455)648-8047,East Christine
EMP0060,Cynthia Carrillo,Customer Support,Product Manager,02-09-2024,mallen@hotmail.com,990.332.7654x14206,South Deborah
EMP0061,Christian Brown,Operations,HR Manager,20-11-2019,hcarr@gmail.com,(394)344-9168x9883,Coreychester
EMP0062,Melissa Patel,HR,HR Manager,14-05-2022,robert46@kim.com,001-130-030-7938x54078,North Jacquelinebury
EMP0063,John Gibson,Engineering,Operations Coordinator,14-01-2025,rhondamills@livingston-malone.org,459.199.9523x16503,North Linda
EMP0064,Peter Brown,HR,Operations Coordinator,30-04-2017,douglasgarcia@hotmail.com,343-521-5980x224,East Dale
EMP0065,Matthew Marsh,Product,Data Scientist,08-01-2025,ysimmons@valencia-spencer.com,001-070-534-2444x346,Tiffanyborough
EMP0066,Lisa Hughes,Marketing,Marketing Specialist,04-07-2017,william01@hotmail.com,507-436-1294x76085,North Vanessafort
EMP0067,Micheal Frye,HR,HR Manager,12-08-2023,michael21@gmail.com,878.260.1781,South Jenniferside
EMP0068,Destiny Rodriguez,Product,HR Manager,23-12-2015,christine09@gmail.com,740-320-9618x19429,Frederickland
EMP0069,Ashley Powell,HR,Customer Support Executive,26-02-2020,jessica41@doyle-ellis.net,587.139.3243x919,Lorifort
EMP0070,Shirley Jones,HR,Finance Executive,01-07-2018,kyle32@gmail.com,(671)811-0539,Riveramouth
EMP0071,Samuel Williams,Admin,Product Manager,31-12-2021,jhughes@hotmail.com,(162)486-3420,Kennethfort
EMP0072,Anna Hawkins,Engineering,Finance Executive,21-03-2023,webbtanya@hotmail.com,362.495.3614x90452,Barbarafort
EMP0073,Abigail West,Finance,Product Manager,19-03-2024,charlesdavis@hamilton.com,555.346.0503,New Shelly
EMP0074,Mr. Billy Owens,IT,Operations Coordinator,01-04-2023,petersondarryl@yahoo.com,+1-174-677-3493x0132,North Mark
EMP0075,Amy Silva,Product,Sales Manager,04-06-2022,david61@gmail.com,+1-681-687-1954x89373,North Nicole
EMP0076,Paige Mclean,IT,Customer Support Executive,30-07-2016,cynthia76@gmail.com,001-907-649-5889x11241,South Eric
EMP0077,Dana Hull,Operations,Data Scientist,15-07-2017,moralesrobert@newton.org,+1-735-019-9263x0068,Youngbury
EMP0078,Lori Hunter,Sales,Data Scientist,10-10-2022,williamskristin@gordon-chambers.com,868-894-5050x69173,Sanchezville
EMP0079,James Davis,Admin,Marketing Specialist,10-09-2015,wellsian@clark.net,001-397-146-5337x2112,East Todd
EMP0080,Robert Moss,HR,Data Scientist,10-06-2025,linda66@hotmail.com,001-953-295-8920x58841,Port Jamesberg
EMP0081,Deanna Wilson DDS,Operations,Software Engineer,14-02-2024,mary30@gmail.com,001-684-619-8892x23333,Corteztown
EMP0082,Edward Green,Admin,Customer Support Executive,27-07-2022,adillon@allen.com,001-282-484-2621x36922,South Sandraland
EMP0083,Melanie Eaton DVM,Finance,Data Scientist,11-04-2021,jeffrey33@martinez.com,(149)780-4794,Port Mark
EMP0084,Cynthia Campbell,Customer Support,Operations Coordinator,31-03-2024,corey37@gmail.com,+1-462-030-9990x06592,Kellyberg
EMP0085,Christopher Fuller,Marketing,Admin Officer,18-11-2015,ericaphillips@yahoo.com,015.053.6170,Port Brianside
EMP0086,Eileen Rodriguez,IT,Data Scientist,27-05-2021,parkerjames@booker-hunter.org,200.772.4349x7995,Delgadotown
EMP0087,Nathan Moyer,Marketing,Finance Executive,03-09-2018,jamesjulie@hotmail.com,862-175-8619x61951,West Christinehaven
EMP0088,Nancy Gibson,Finance,Marketing Specialist,20-02-2022,charles33@kim.com,(516)262-7882,West Kristentown
EMP0089,Amanda Riley,Finance,Operations Coordinator,04-03-2020,michael80@acosta-anderson.org,001-366-920-0838,Jenkinsland
EMP0090,Taylor Yates,Sales,Operations Coordinator,09-09-2021,cantrellrachel@hotmail.com,+1-281-341-1741x49337,Jessebury
EMP0091,Cathy Bryan,Finance,Operations Coordinator,09-08-2024,jimmiller@gmail.com,(319)034-3383x2831,East Crystal
EMP0092,Aaron Martinez,Admin,Customer Support Executive,17-08-2019,jhorton@yahoo.com,5028443040,Heatherhaven
EMP0093,Laura Rosario,Operations,Customer Support Executive,11-01-2017,anthony32@george.org,(746)399-2894,Fitzgeraldville
EMP0094,Jonathan Elliott,HR,Sales Manager,03-06-2019,xsantos@miller.com,322-271-0389x1764,Tiffanyborough
EMP0095,Kelly Valencia,Marketing,Admin Officer,18-03-2021,smithkimberly@gmail.com,942-061-7534x6603,Raymondfort
EMP0096,Karen Saunders,Sales,Marketing Specialist,25-09-2020,ujohnson@hotmail.com,533.404.8115,South Tamibury
EMP0097,Matthew Lutz,Admin,Software Engineer,19-12-2020,sharonruiz@gmail.com,547.239.8445,West Lindseymouth
EMP0098,Nicole Wong,Engineering,HR Manager,07-10-2015,william49@gmail.com,(257)787-7755,South Brandonshire
EMP0099,James Smith,HR,Operations Coordinator,06-04-2018,ewallace@hotmail.com,193.551.2999x0144,South Juanhaven
EMP0100,Lindsey Green,Finance,Software Engineer,23-06-2018,brandi70@yahoo.com,8972062168,New Ricky
EMP0101,Billy Pearson,Finance,Finance Executive,04-09-2023,anna52@hardy.net,723-490-5615,South Katiechester
EMP0102,Evan Collins,Sales,Software Engineer,11-12-2019,hicksethan@yahoo.com,001-987-950-0878x75014,Frenchport
EMP0103,Daniel Marks,Customer Support,Finance Executive,25-08-2018,beckerdiana@yahoo.com,001-472-098-9528x8158,Lake Maryberg
EMP0104,Theodore Clayton,Engineering,Software Engineer,23-08-2023,elizabethjohnson@morales.info,200.265.1982,Maxwellborough
EMP0105,Regina Mitchell,Marketing,Finance Executive,15-07-2024,barbara28@yahoo.com,001-732-593-7260x0445,Williamsborough
EMP0106,Brianna Stewart,Customer Support,HR Manager,24-07-2017,yangnicole@hotmail.com,(602)734-5168x23402,Sherryland
EMP0107,Heidi Patterson,Sales,Operations Coordinator,26-01-2024,sabrinascott@skinner.com,(645)482-1143,Fosterburgh
EMP0108,Logan Richardson,Marketing,Product Manager,30-09-2020,thomasmitchell@may.com,5982400527,New Jenniferport
EMP0109,Zachary Preston,Marketing,Software Engineer,30-01-2023,wbaldwin@hotmail.com,3681648474,Alanberg
EMP0110,Christina Compton,Engineering,Operations Coordinator,04-08-2018,kristihughes@hotmail.com,413-660-9335,Chapmanport
EMP0111,Vickie Hansen,Customer Support,Operations Coordinator,21-01-2025,amystrickland@gmail.com,847-794-3849x0793,Port James
EMP0112,Mark Mann,Admin,Sales Manager,05-01-2025,eric22@craig-harvey.org,(174)943-5312x19358,New Catherine
EMP0113,Stephanie Gibbs,HR,Sales Manager,01-06-2018,robert94@weber-phillips.com,+1-319-375-6339x31707,Toddfurt
EMP0114,Michael Lane,HR,HR Manager,20-05-2023,gwilliams@taylor-patel.info,678.282.3254x0932,Bellstad
EMP0115,Stacy Maxwell,Finance,Product Manager,26-04-2018,changalyssa@hotmail.com,001-076-107-3694x72501,Coryfort
EMP0116,Ashley Dunlap,IT,Sales Manager,05-11-2016,tbriggs@yahoo.com,004-393-9082x8695,East Zacharyhaven
EMP0117,Andrea Scott,Customer Support,Product Manager,27-01-2021,hillrobert@gmail.com,035.315.9969x21706,Port Michael
EMP0118,Adam Figueroa,Marketing,HR Manager,23-02-2023,toddnelson@yahoo.com,075.521.5546x780,Hunttown
EMP0119,Michael Mcgee,Customer Support,Software Engineer,05-04-2019,hjordan@townsend.com,001-896-914-9329x24836,Christopherside
EMP0120,Crystal Martinez,Marketing,Product Manager,03-10-2024,cmason@brown-pierce.com,(801)534-5890x28020,North Tracyside
EMP0121,Dr. James Andrews,IT,HR Manager,23-03-2024,tranian@pena.net,(241)963-4098,Timothymouth
EMP0122,Jeffrey Carlson,Operations,Software Engineer,27-08-2018,fisherjeff@jones.com,(575)632-6540,Stevenshaven
EMP0123,Michelle Bradley,Finance,Data Scientist,13-10-2018,nataliepatterson@riddle-hoffman.com,7703036265,South Amy
EMP0124,Scott Wilson,Customer Support,Sales Manager,27-05-2021,johnsonmaria@hotmail.com,383.069.8701,Robinburgh
EMP0125,Kathy Francis,Marketing,Software Engineer,14-03-2025,tayloranthony@wagner.info,579-868-3427,Port Ernest
EMP0126,Ryan Ruiz,Finance,Software Engineer,04-11-2015,wilsonwendy@garcia-white.com,(026)645-3198,North Tammyfurt
EMP0127,Jeffrey Collins MD,Sales,Marketing Specialist,02-03-2019,megan86@yahoo.com,000-159-5044,East Jenniferside
EMP0128,Natalie Crane,IT,Product Manager,13-08-2016,bryantgreg@gmail.com,-5897,Webbside
EMP0129,Nicholas Cook,Finance,HR Manager,01-10-2021,lisa53@flores.info,001-051-330-2736x977,Daniellefort
EMP0130,Joseph Saunders,Customer Support,HR Manager,14-11-2024,melissa09@cain.com,9852431073,North John
EMP0131,Todd Kelly,Customer Support,Admin Officer,04-04-2016,felicia62@gmail.com,047-239-0234x84263,West Cassidy
EMP0132,David Harrington,IT,Product Manager,17-09-2016,brianbrooks@hotmail.com,(290)867-8536,North Douglashaven
EMP0133,Meagan Henderson,Marketing,Admin Officer,27-11-2016,karen39@sanders-soto.com,(304)315-5550x8872,West Joseph
EMP0134,Ann Melendez,IT,Sales Manager,09-07-2021,christophercoleman@marquez.com,292-505-2183,Katherinestad
EMP0135,April Frey,IT,HR Manager,12-06-2020,timothy07@fisher.com,868.018.7949,Amberborough
EMP0136,Rhonda Ryan,Product,Data Scientist,28-01-2020,hjones@hotmail.com,-2743,Jamesville
EMP0137,Zachary Benitez,Customer Support,Admin Officer,05-11-2019,glopez@allison.com,+1-593-962-9210x084,Andrewsfurt
EMP0138,Jessica Richards,Customer Support,Marketing Specialist,10-08-2015,benjaminsmith@campbell.com,455.682.7099x477,Karenburgh
EMP0139,Michelle Boone,Engineering,Software Engineer,03-01-2024,richardaguirre@brown.org,(789)339-4015x194,South Marymouth
EMP0140,Richard Johnson,Engineering,Finance Executive,13-05-2020,trevinoamy@wilson-dominguez.com,-1122,East Leslie
EMP0141,Eric Gomez,Admin,Admin Officer,30-04-2023,jacksonpaul@baker.com,(051)959-6044,New Tylerstad
EMP0142,James Peters,IT,Admin Officer,26-08-2015,patrick42@johnson.com,822.529.7313,Benjaminborough
EMP0143,Brett Adams,Admin,Product Manager,24-05-2022,nmerritt@yahoo.com,001-518-211-2183x8253,Johnsonburgh
EMP0144,Bryan Pacheco,Sales,Product Manager,10-12-2023,gavila@hotmail.com,4760116,Rubenbury
EMP0145,Michael Espinoza,Product,Operations Coordinator,01-01-2022,phillipsbradley@hughes.com,(188)719-5487x96527,Padillaburgh
EMP0146,Heather Kirk,HR,HR Manager,12-07-2024,teresa02@kelley.info,984.429.0553,North Michaelfurt
EMP0147,Monica Warner,Engineering,Data Scientist,29-09-2024,matthew48@gmail.com,330.709.7798x52879,East Mike
EMP0148,Jennifer Young,Product,Software Engineer,06-07-2017,dianadiaz@yahoo.com,-8185,Davismouth
EMP0149,Rachel Carpenter,Engineering,Product Manager,20-01-2022,dana83@hotmail.com,001-444-590-9468x89379,Taylorview
EMP0150,Joseph West,Sales,Operations Coordinator,18-08-2020,jennifer21@hotmail.com,+1-717-639-3571x352,Gregorybury
EMP0151,Holly Giles,Finance,Admin Officer,28-11-2020,richard98@yahoo.com,001-669-176-6408x872,North Richard
EMP0152,Katelyn Newton,IT,Software Engineer,28-07-2021,pbrewer@nelson-mays.com,001-160-519-5490,Harrisview
EMP0153,Amanda Anderson,Finance,Customer Support Executive,17-06-2023,anthony12@gmail.com,642-015-6879,South Brendan
EMP0154,Terry Moore,Finance,Sales Manager,22-12-2020,connie99@hotmail.com,+1-551-171-9725x4128,West Anthonymouth
EMP0155,Dr. Justin Porter,Finance,Operations Coordinator,24-02-2025,mfoley@hotmail.com,8238673638,North Cherylshire
EMP0156,Theresa Miller,Customer Support,Marketing Specialist,26-06-2017,nicholas24@richards.com,001-601-965-4939,Port Maria
EMP0157,Monica Lamb,HR,Admin Officer,03-12-2018,rmorris@yahoo.com,001-762-375-6844,Johnsonberg
EMP0158,Brandon Young,Marketing,Operations Coordinator,24-03-2021,robertbanks@gmail.com,(959)922-1065x2435,Sonyamouth
EMP0159,Destiny Bailey,Finance,Finance Executive,15-03-2021,gary07@mejia.info,+1-975-714-2492x585,New Kathrynburgh
EMP0160,Christopher Hayden Jr.,Customer Support,Marketing Specialist,04-07-2021,ronald31@howard.info,001-372-668-1455x530,Reeveshaven
EMP0161,Taylor Jarvis,Admin,Marketing Specialist,12-09-2020,larrywright@gmail.com,001-932-706-5274x28411,Lake Andrewberg
EMP0162,Rhonda Cruz,Operations,Data Scientist,19-01-2025,patriciastephens@hotmail.com,423.388.4654,Darrenmouth
EMP0163,Jonathan Lam,Admin,Marketing Specialist,13-11-2020,seth16@gmail.com,001-683-388-9221x9219,North Elizabethberg
EMP0164,Suzanne Willis,Marketing,Software Engineer,02-05-2021,tina06@lee.net,001-850-739-0757x386,Phillipshire
EMP0165,Richard Benitez,Marketing,Data Scientist,07-08-2021,brendaharris@hotmail.com,491.874.0637x81006,Lake Mary
EMP0166,Jacqueline Walton,Engineering,HR Manager,20-12-2018,ajohnson@wiley.com,721-282-7217x5747,Phillipmouth
EMP0167,Ryan Bryant,Marketing,Finance Executive,14-07-2023,holmesbryan@cox.info,001-042-548-4985x0997,South Debbie
EMP0168,Cassidy Sims,Marketing,Software Engineer,07-07-2018,randymcconnell@collins-hodges.com,(598)356-3186x2222,North Phillip
EMP0169,Joseph Bell,Admin,Operations Coordinator,28-01-2020,patrick83@hotmail.com,638.775.6767x0318,Nathanborough
EMP0170,Joseph Boyd,Product,Operations Coordinator,24-03-2023,thomas74@hotmail.com,(761)001-1865x07518,Port Charlesville
EMP0171,Ronnie Thomas,Admin,Finance Executive,05-12-2020,dixonjennifer@baker-garcia.org,+1-928-995-6540x43321,South Joyton
EMP0172,Sue Myers DDS,Customer Support,Software Engineer,17-06-2022,kcabrera@gmail.com,(940)286-1259x176,North Alexander
EMP0173,Jonathan Williams,Product,Finance Executive,05-01-2022,ginaroberts@gmail.com,4891865932,Brandichester
EMP0174,Jesse Wright,Finance,Product Manager,15-11-2024,clementssydney@hotmail.com,(089)608-7076,East Danielfort
EMP0175,John Dodson,Marketing,Admin Officer,13-08-2017,vfreeman@mendoza.net,-10498,Port Cynthia
EMP0176,Timothy Leonard,Sales,Finance Executive,24-09-2021,cisneroschristopher@gmail.com,551.249.3599x621,North Matthew
EMP0177,Edward Hernandez DDS,Finance,HR Manager,05-08-2021,pattersonmichael@yahoo.com,(061)345-9473x36089,New Lauraside
EMP0178,Jennifer Frank,HR,Software Engineer,31-05-2022,ginayoung@padilla.info,168-271-1864x5475,Patriciachester
EMP0179,Steven Walker,Engineering,Data Scientist,27-06-2017,tonytaylor@hotmail.com,105.890.3765,Lake Robert
EMP0180,Anne Wilson,Engineering,HR Manager,04-03-2024,guerraemily@watts.info,001-001-748-5842x833,Conwaychester
EMP0181,Sandra Brooks,HR,Admin Officer,21-09-2015,ballwilliam@hotmail.com,709.570.8139x14239,Reynoldston
EMP0182,Rick Rivers,Marketing,HR Manager,04-10-2016,thomas71@harris-schultz.com,001-707-147-5841x38036,Moorechester
EMP0183,Richard Choi,HR,Sales Manager,15-04-2023,omatthews@taylor.biz,001-449-551-0977,Brittanystad
EMP0184,James Miranda,Marketing,Sales Manager,23-05-2019,shannonshea@yahoo.com,001-327-506-5850x37583,Thompsonmouth
EMP0185,Joann Juarez,Sales,Marketing Specialist,04-11-2017,valerieclark@hotmail.com,001.238.2842x634,Kimfurt
EMP0186,Brooke James,Operations,Sales Manager,10-06-2025,amyers@thomas.info,001-529-823-4340x865,East Brycestad
EMP0187,Melissa Gonzales,Admin,Operations Coordinator,12-07-2021,robert19@gmail.com,167-312-0626x5902,New Sonia
EMP0188,Lisa Clark,HR,HR Manager,03-11-2023,lreynolds@griffin.info,379-578-1755x7385,Claudiaburgh
EMP0189,Edward Nichols,Sales,Sales Manager,28-10-2018,olsonallison@collins.net,(047)360-0856,Clineborough
EMP0190,Carl Thomas,IT,Sales Manager,10-09-2019,hrose@thomas-bishop.biz,404.030.6947,North Bethany
EMP0191,Joseph Schmitt,HR,Marketing Specialist,12-02-2019,williamsanthony@austin.info,(748)183-7809,Lake Lorettabury
EMP0192,Beverly Jones,Finance,Product Manager,22-12-2021,howardthomas@gmail.com,3604075454,East Tina
EMP0193,Mary Morrow,Customer Support,Admin Officer,23-03-2022,jennifercarroll@yahoo.com,244.342.0514x4666,West Jesus
EMP0194,Bianca Parker,Finance,Product Manager,17-03-2018,alicelamb@hotmail.com,(598)110-7726x57414,West Haroldhaven
EMP0195,Meagan Lee,Operations,Admin Officer,03-06-2017,patricia49@stevens-ray.com,638-853-6509x052,Villarrealton
EMP0196,Alexa Little,Marketing,Sales Manager,03-04-2025,karenwatkins@cummings.biz,2822233013,East Jamiechester
EMP0197,Sandra Munoz,Sales,Software Engineer,05-08-2018,larry19@yahoo.com,862.544.5797x70593,East Nicoleside
EMP0198,Kathy Hays,IT,Finance Executive,23-06-2024,masonrichard@yahoo.com,(885)202-9112,Salashaven
EMP0199,Kyle Duran,Finance,Customer Support Executive,28-10-2019,mario93@benson.com,696.559.1409x618,Port Nicoleville
EMP0200,Noah Woods,Customer Support,Data Scientist,23-04-2017,bootheric@gmail.com,483.600.6339x117,North Susan
EMP0201,Michael Pollard,Product,Software Engineer,28-03-2025,kenneth50@gmail.com,303.612.4539x9953,South Rachel
EMP0202,Daniel Proctor,Sales,HR Manager,18-11-2016,coopernathaniel@yahoo.com,945.073.5013,Port Teresaborough
EMP0203,Mariah Crosby,IT,Data Scientist,23-10-2020,baueredward@stout.com,875.392.8042x059,Davidshire
EMP0204,Brandon Williams,Admin,Admin Officer,02-12-2024,erin14@gmail.com,6874752554,East Joseph
EMP0205,Andre Perez,HR,Finance Executive,11-08-2018,gomezmark@yahoo.com,731-411-1833,Lamtown
EMP0206,Edwin Thompson,Engineering,Software Engineer,07-06-2023,dalecontreras@stevens.com,711-073-0462x5501,Taylorfort
EMP0207,Melody Moore,Admin,Sales Manager,07-10-2020,aoconnell@proctor-hernandez.com,+1-477-011-0578x666,East Michaelville
EMP0208,Steven Martinez,Admin,Admin Officer,25-11-2022,derrickavila@kelley-castro.com,690-937-1893,Josephborough
EMP0209,Tommy Terry,Engineering,Software Engineer,07-06-2025,erica87@chavez-carr.com,(087)905-2014x259,Jocelynview
EMP0210,Craig French,Admin,Admin Officer,15-03-2018,cole23@gmail.com,(073)079-5857x474,Boltonborough
EMP0211,Helen Barnes,Marketing,Operations Coordinator,12-12-2015,otaylor@hotmail.com,(828)967-3565x317,Robertsonbury
EMP0212,Peter Jones,Product,Customer Support Executive,27-04-2016,andrewrussell@gmail.com,210.983.4052,Lake Tasha
EMP0213,Joel Carlson,Marketing,Customer Support Executive,26-01-2023,justin79@hotmail.com,410-965-1372x02073,Floresland
EMP0214,Thomas Castillo,Engineering,Data Scientist,26-12-2017,grantjohn@gmail.com,655.389.7839,Port Kyle
EMP0215,Jonathan Dunn,HR,Data Scientist,07-03-2017,susan49@brooks-schultz.com,(303)763-4915x6232,Port Johnmouth
EMP0216,Charles Gonzalez DVM,Operations,Operations Coordinator,08-04-2024,jacksonjoshua@gmail.com,089-228-2100,North Deborah
EMP0217,Adam Gordon,Marketing,Finance Executive,26-08-2019,alicia37@garner.info,880.334.2367x244,Charleschester
EMP0218,Terry Kennedy,Operations,Operations Coordinator,24-07-2019,ellen69@johnson.com,+1-306-563-7391x525,New Michael
EMP0219,Joseph Merritt,Engineering,Customer Support Executive,20-05-2024,kellytucker@hotmail.com,-6115,Orozcotown
EMP0220,Valerie Graham,Product,Operations Coordinator,05-09-2015,matthew82@hotmail.com,(712)375-8079,North Paul
EMP0221,Wendy Lloyd,Sales,Finance Executive,19-10-2020,rsweeney@craig-alexander.net,(368)227-2682,Hufffort
EMP0222,Michele Wolf,Finance,Data Scientist,16-08-2019,william92@hotmail.com,904-226-4230,Boothhaven
EMP0223,Angela Silva,IT,Data Scientist,21-04-2016,prasmussen@johnson.com,755.709.7361,New Lindaport
EMP0224,Isaac Chapman,Finance,Operations Coordinator,24-01-2025,kyork@wallace-williams.biz,392-238-0780,South Michaelfurt
EMP0225,Mark Cruz,IT,Admin Officer,29-08-2020,collinsedward@thompson.net,(530)003-9973x004,Darrenborough
EMP0226,Alexa Thomas,Admin,Customer Support Executive,02-10-2017,eringarza@cortez-young.com,(112)933-4925x02161,Fostermouth
EMP0227,Kathleen Maddox,Admin,Sales Manager,20-08-2018,malikmontoya@robinson-camacho.biz,(272)634-7197,Kristenland
EMP0228,James Noble,IT,Operations Coordinator,11-12-2016,kingerika@hotmail.com,001-151-465-8257x438,South Carmenchester
EMP0229,Julie Palmer,Admin,Marketing Specialist,13-03-2025,harringtonkelly@hotmail.com,+1-932-411-1436x176,Amyshire
EMP0230,Brian Lawrence,Sales,Operations Coordinator,10-04-2023,anneking@shaffer.com,021-585-3754x77808,Lake Susan
EMP0231,Andre Sosa,Operations,Sales Manager,02-11-2018,patricia99@fuller.com,+1-343-536-0406x49976,Riveraberg
EMP0232,Susan Torres,Product,Data Scientist,03-05-2024,ymccoy@henderson.com,+1-404-248-9798x847,Kimberlychester
EMP0233,Sandra Costa,HR,Product Manager,26-09-2016,fwhite@ibarra.com,924-822-8927,Beverlychester
EMP0234,Christopher Mitchell,Engineering,Admin Officer,06-09-2018,foxlisa@yahoo.com,3138198102,Steinmouth
EMP0235,Dorothy Roth,Customer Support,Product Manager,15-08-2016,hunterfields@hotmail.com,119-656-4010x477,Kingland
EMP0236,Emily York,Sales,Data Scientist,14-02-2016,mthomas@webster.com,527.475.4822x78726,West Stephen
EMP0237,Dean Mathews,IT,Admin Officer,22-05-2023,schmidtmary@yahoo.com,(403)218-1860x57620,Williamsfurt
EMP0238,Shawn Gonzalez,Product,Operations Coordinator,07-01-2021,rhernandez@hampton.org,(343)637-1817x1894,Port Theresashire
EMP0239,Melissa Ross,Marketing,Data Scientist,29-11-2024,nguyendarryl@jackson.com,998.926.9429x3065,North Anashire
EMP0240,Paul Myers,Product,Finance Executive,17-06-2018,xcalderon@graves.com,+1-261-536-1239x1328,Shepherdview
EMP0241,Darren Richardson,IT,HR Manager,27-06-2022,robertmontoya@hotmail.com,2402268578,Alvarezton
EMP0242,Allen Davis,Admin,Admin Officer,18-08-2016,trandawn@petty-romero.com,002.372.6934x3462,Kevinside
EMP0243,Tyler Sullivan,Sales,HR Manager,21-01-2022,amanda99@hull.biz,+1-221-763-1770x06081,North Rachel
EMP0244,Matthew Perez,Product,Customer Support Executive,12-05-2018,evan46@smith.org,139-459-0363,Grantside
EMP0245,Craig Smith,Product,HR Manager,08-04-2025,hillchristopher@yahoo.com,001-601-738-0813x0818,Jamesville
EMP0246,Edward Buchanan,IT,HR Manager,17-01-2016,pagetamara@henderson.net,001-276-823-8580x7168,Port Ambertown
EMP0247,Leonard Haynes,Finance,Data Scientist,24-01-2022,zgreen@murphy-pearson.com,(859)696-0301,Lake Bobby
EMP0248,Benjamin Schmidt,Engineering,Sales Manager,28-09-2017,maydouglas@hotmail.com,590.160.0516x657,Port Timothy
EMP0249,Natalie Lee,Finance,Admin Officer,16-05-2018,allen54@hotmail.com,613.564.5039x2945,Timfurt
EMP0250,Tamara Anderson,Sales,Customer Support Executive,03-11-2017,teresagonzalez@hotmail.com,(612)918-4318,Lake Jennifer
EMP0251,Ryan Castillo,Customer Support,Sales Manager,13-02-2024,psmith@hotmail.com,(519)821-3979x0092,Clarkside
EMP0252,Emily Wheeler,IT,Admin Officer,03-09-2015,cynthiabrown@mullins.com,133-294-4408x708,West Evanview
EMP0253,Morgan Fritz,Product,Software Engineer,07-07-2023,anthony25@yahoo.com,835.797.7742x1094,New Andreaside
EMP0254,Maria White,HR,Product Manager,27-08-2024,davidwatson@gomez.info,001-377-359-5023x89515,North Gerald
EMP0255,Victoria Perez,IT,Sales Manager,27-03-2020,rebecca84@miller-lewis.info,932-462-9920x2676,Walshview
EMP0256,Kayla Wells,Sales,Product Manager,27-01-2021,yhorne@hotmail.com,124-500-2008,Campbellborough
EMP0257,Ethan Vargas,HR,Customer Support Executive,08-12-2022,robertmartinez@gmail.com,6238420891,West Laurenfort
EMP0258,Brian Mcmillan,Marketing,Product Manager,02-12-2018,franklinthomas@campbell-sanchez.info,+1-655-564-8123x95335,East Jenniferstad
EMP0259,Gloria Williams,Engineering,Data Scientist,24-11-2024,kharris@graham-warren.com,195-709-9197,New Kimberlyland
EMP0260,Christina Garcia,Engineering,Operations Coordinator,19-07-2023,alice56@yahoo.com,244-448-3923x3170,Port Randall
EMP0261,Cynthia Smith,Admin,Marketing Specialist,18-07-2018,melissa38@taylor.com,463-151-1130x1304,Rogerfurt
EMP0262,Carlos Mcconnell,IT,Product Manager,10-04-2025,ksmith@cunningham.com,(126)880-3626,Lake Sarah
EMP0263,Christina Stone,Engineering,Sales Manager,08-05-2020,usimmons@gmail.com,001-651-821-5781x41595,North Joseph
EMP0264,Patricia Pierce,Customer Support,Customer Support Executive,14-10-2021,owenshawn@hotmail.com,(415)654-1931x902,North Derrick
EMP0265,Joshua Stephens,HR,Product Manager,29-12-2023,jimmy38@underwood-black.com,373-928-7065x086,Milesburgh
EMP0266,Debbie Prince,Operations,Data Scientist,23-01-2025,jonathanreynolds@carter-robinson.info,001-371-971-1476x41413,Port Lauren
EMP0267,Eric Mcmahon,Finance,Customer Support Executive,01-07-2018,erica03@gmail.com,(933)037-7200,Richardside
EMP0268,Laura Arnold,Admin,Admin Officer,14-12-2017,cmorris@hotmail.com,657-013-5577x4606,Port John
EMP0269,Ralph Harris,Sales,Software Engineer,05-03-2020,greynolds@holloway.com,001-408-052-9838x2354,North Eric
EMP0270,Frank Parsons,Finance,HR Manager,19-01-2021,rphillips@yahoo.com,-5279,North Judy
EMP0271,Angela Griffin,Engineering,HR Manager,05-09-2021,john00@hotmail.com,595920189,Rileyland
EMP0272,Timothy Martin,Finance,Finance Executive,15-07-2024,castrojames@mcdaniel-huffman.com,(020)222-2322x1541,Kyleland
EMP0273,Mr. Luis Cantrell,Product,Marketing Specialist,13-12-2020,hicksaustin@yahoo.com,(830)446-9555x21225,West Josephmouth
EMP0274,Patricia Chapman,Sales,Customer Support Executive,08-03-2025,crawfordandre@webb-howard.net,7642571037,Jenniferton
EMP0275,Christie Abbott,HR,Customer Support Executive,07-12-2016,lhuerta@castro.com,697.795.5194x59954,North Brandonport
EMP0276,Shelby Wade,HR,Customer Support Executive,04-10-2017,parsonsdanielle@yahoo.com,709-521-3873x28456,Maxwellside
EMP0277,Patricia Burnett,Product,Admin Officer,08-12-2024,molinatammy@oliver-reese.info,(757)799-7183x53001,Heatherhaven
EMP0278,Leonard Ramirez,IT,Sales Manager,20-03-2025,gallowayhannah@gmail.com,867.051.1720x4127,Toddshire
EMP0279,Stacy Owens,Operations,Product Manager,28-06-2022,whitakermark@yahoo.com,5240702528,North Janet
EMP0280,Keith Villegas MD,HR,Software Engineer,14-09-2017,brittanyerickson@krueger.com,003-092-3435,Simston
EMP0281,Joanne Jackson MD,Customer Support,Customer Support Executive,14-08-2018,kenneth67@hotmail.com,(518)338-5487,Jasonfurt
EMP0282,Alex English,IT,HR Manager,17-12-2015,vickiehogan@hotmail.com,001-457-604-0723x72318,Josefort
EMP0283,Pam Mayer,HR,Product Manager,17-04-2025,tonyawilcox@hotmail.com,(875)488-2845x770,Richton
EMP0284,Pamela Jones,Operations,Operations Coordinator,15-10-2017,lcoleman@welch-butler.com,286.976.4267x21576,Nicholaston
EMP0285,Robert Calderon,Engineering,Finance Executive,22-04-2016,jamieporter@johnson.com,807-746-7764x17328,Goodwinstad
EMP0286,Michael Velasquez,Engineering,Customer Support Executive,05-04-2019,laura02@yahoo.com,890.716.1151,Paulshire
EMP0287,Lynn Hall,Marketing,Finance Executive,29-06-2020,phyllis06@yahoo.com,328.126.1920x18863,New Anna
EMP0288,Wayne Chavez,Admin,Product Manager,25-07-2024,joannecox@peterson-acevedo.com,+1-022-289-5651x1654,Richardfurt
EMP0289,Gary Harrell,HR,Customer Support Executive,20-06-2025,amanda48@gmail.com,(821)117-2909,Charlesbury
EMP0290,Janet Rodriguez,Finance,Software Engineer,22-02-2018,cwilson@mcclain-mata.com,082.477.6338x938,Rickland
EMP0291,Jay Nichols,Operations,Customer Support Executive,04-01-2016,matthewhahn@gmail.com,001-791-983-8951x1548,Tonyville
EMP0292,John Marshall,Customer Support,Admin Officer,19-05-2020,francisco52@alvarado.com,848.021.9446x3357,Kimberlyshire
EMP0293,Kenneth Hendrix,IT,HR Manager,31-08-2020,linjacob@hotmail.com,744-012-6421x068,Smithfort
EMP0294,Jennifer Arias,Product,Finance Executive,31-08-2017,heather40@horne.info,-3176,Rosariohaven
EMP0295,Jesse Barnett,Customer Support,Marketing Specialist,30-03-2017,jwright@rhodes-johnson.com,691-846-3860x10905,Heathermouth
EMP0296,Eric Taylor,IT,Finance Executive,01-11-2019,blankenshipjohn@hotmail.com,001-314-975-2113,Mendozaland
EMP0297,Joshua Francis,Sales,Software Engineer,15-07-2020,rachelforbes@gmail.com,524.366.5913x51258,North Jason
EMP0298,Joan Miller,Operations,Operations Coordinator,23-11-2023,gabriella39@hotmail.com,-2870,Salinasfort
EMP0299,Molly Cox,Operations,Sales Manager,27-11-2017,johnsontom@gmail.com,001-935-669-5765x91677,North Albert
EMP0300,Andrew Thomas,Admin,Finance Executive,26-05-2025,cynthiarodriguez@price-kramer.info,001-620-288-0726x736,West Jonathan
EMP0301,Alexis Hudson,Product,Finance Executive,05-10-2020,shannon85@silva.org,+1-660-563-5233x762,Mcculloughburgh
EMP0302,Tracy Jackson,Admin,Marketing Specialist,17-07-2023,yolandahurst@yahoo.com,893.845.8669,Goodwinhaven
EMP0303,Keith Mcguire,Admin,HR Manager,19-11-2016,lreyes@yahoo.com,951.528.5963,Bryanhaven
EMP0304,Courtney Gregory,Customer Support,Finance Executive,23-12-2024,caseygarza@green-bates.info,(381)153-5892x107,Robertmouth
EMP0305,Shelby Garcia,Marketing,HR Manager,30-08-2022,pamela67@butler-lee.com,(134)131-9437x151,New Ryantown
EMP0306,Michael Gonzalez,IT,Software Engineer,03-02-2018,julie00@holmes-arnold.com,+1-622-493-4167x8535,Ryanville
EMP0307,Justin Turner,Customer Support,Operations Coordinator,19-06-2020,carrjames@erickson-armstrong.com,460-960-0835,East Matthew
EMP0308,Miss Cynthia Ramirez,IT,Finance Executive,28-09-2022,stephenmoore@yahoo.com,843-653-2236x20767,Jamesview
EMP0309,Abigail Brady,IT,Customer Support Executive,16-12-2023,ffuller@everett.com,+1-430-707-8175x74755,Tracychester
EMP0310,Christian Schultz,Sales,Finance Executive,05-12-2024,alexander26@allen-lopez.com,(329)754-2713x842,Elliottchester
EMP0311,Leslie Daniel,Engineering,HR Manager,03-11-2024,kelly19@robertson.com,001-756-089-8358,Port Sharontown
EMP0312,Jonathan Martin,Customer Support,Product Manager,28-04-2025,anne55@hotmail.com,114-275-7327x652,Rachelborough
EMP0313,Leah Roberts,IT,Data Scientist,07-08-2019,amandarivera@yahoo.com,663-659-2458x645,Jacquelineville
EMP0314,Wesley Barrera,IT,Customer Support Executive,13-02-2021,hterry@gmail.com,-9736,New Hollymouth
EMP0315,Louis Martinez,Admin,Admin Officer,13-06-2020,fernandomendez@gmail.com,(563)818-7140,Lake Scott
EMP0316,Jasmin Barrera,Admin,Sales Manager,16-02-2025,browncraig@mays.com,-5584,West Joshuahaven
EMP0317,Richard Estrada,Engineering,Operations Coordinator,02-02-2016,tfields@oliver.net,(327)883-5703x1551,Alexanderside
EMP0318,Rachel Ortiz,Sales,Operations Coordinator,05-11-2021,xallen@hotmail.com,597-199-9450x85713,Davidmouth
EMP0319,Mrs. Candice Garcia,Finance,Marketing Specialist,02-08-2019,james68@hotmail.com,445-183-6321x75100,Vaughntown
EMP0320,Christian Perez,Customer Support,Admin Officer,26-06-2018,cindy47@yahoo.com,198-360-6314,Collinsbury
EMP0321,Michelle Clark,Marketing,Data Scientist,01-08-2016,yestrada@taylor.com,-2849,New Gregory
EMP0322,Sandra Reed,Admin,Admin Officer,08-03-2018,steven27@king.org,001-904-476-4615x061,Bauerburgh
EMP0323,Laura Ferrell,HR,Sales Manager,14-05-2025,joshua42@freeman.net,697-734-2633x8331,West Maria
EMP0324,Christian Smith,IT,Software Engineer,16-11-2016,luis89@gmail.com,+1-114-290-7145x724,North Courtney
EMP0325,Cynthia Brown,IT,Finance Executive,19-03-2024,tjones@johnson.com,519-669-2289x08982,Lake Carl
EMP0326,Alexandra Wilson,Engineering,HR Manager,20-04-2024,gdelacruz@yahoo.com,(726)280-5534x5253,Port Heatherbury
EMP0327,Brian Jackson,Marketing,Operations Coordinator,17-05-2023,walter03@yahoo.com,001-502-939-0877x5409,North John
EMP0328,Ann Barnes,Sales,Data Scientist,05-05-2021,umartin@harper.biz,105.258.5847x5299,South Dawntown
EMP0329,Steven Cox,Engineering,Software Engineer,04-04-2018,bellronnie@gmail.com,+1-038-258-5213x5290,West Vincentside
EMP0330,Deborah Potts,Operations,Software Engineer,25-10-2023,cindy51@morgan.net,764.665.6000x170,Susanmouth
EMP0331,Angel Webb,Marketing,HR Manager,12-08-2020,olopez@hotmail.com,(297)129-4302x47650,North Linda
EMP0332,Jessica West,Product,HR Manager,04-12-2016,kkane@jenkins.com,+1-223-847-6389x04901,East Robertstad
EMP0333,Patrick Estrada,Finance,Marketing Specialist,19-05-2017,newmanpatrick@hotmail.com,+1-783-532-6856x028,New Ronald
EMP0334,Tina Butler,Sales,Data Scientist,22-02-2025,krush@ali.biz,(434)971-8362,Port Benjamin
EMP0335,Tara Valdez,HR,Sales Manager,15-04-2016,smithwilliam@hotmail.com,213-848-6473,Port Trevorstad
EMP0336,Gina Hill,Sales,Product Manager,08-07-2024,jesse40@gmail.com,001-552-423-6868,Evanston
EMP0337,Brenda Brown,Operations,Admin Officer,04-01-2023,matthew95@gmail.com,790.081.0780x850,New Carrieborough
EMP0338,Harry Clark,Finance,Data Scientist,21-07-2025,michelle18@gmail.com,(974)665-4470x9151,South Angela
EMP0339,Eric Payne,IT,Data Scientist,15-10-2015,gfox@knox.com,001-676-547-1097,Leeview
EMP0340,Timothy Harvey,Engineering,Operations Coordinator,02-07-2022,sheiladelacruz@bailey-patton.info,6234615817,Lisamouth
EMP0341,Joseph Lewis,Engineering,Software Engineer,16-11-2023,samantha74@gmail.com,9718789948,North Lee
EMP0342,Eric Garza,Engineering,Software Engineer,03-01-2023,sheilacortez@fisher-white.com,837.884.7128,Scottberg
EMP0343,Kimberly Blevins,IT,Software Engineer,06-09-2018,scottellis@munoz.com,(729)821-9043x7771,Port Monica
EMP0344,Micheal Beltran,Admin,Marketing Specialist,06-04-2024,ryanglover@gmail.com,486-701-3582x222,Kendrastad
EMP0345,Joseph Gilbert,Engineering,Product Manager,09-04-2022,psanders@gmail.com,(538)297-7334x2408,Tamaraberg
EMP0346,Elaine Ware,Admin,Data Scientist,04-03-2017,brian96@williams.org,001-190-112-0922,Mckinneyside
EMP0347,Shelley Ford,IT,Customer Support Executive,29-12-2015,gabrielmartin@yahoo.com,+1-310-018-4050x79773,South Richard
EMP0348,Anthony Romero,IT,Customer Support Executive,07-04-2020,reginaldhooper@gmail.com,953.300.2287x326,Port Mercedesside
EMP0349,Christopher Pena,Admin,Sales Manager,30-06-2017,lesterjessica@kemp.com,(246)906-1230x011,Johnburgh
EMP0350,Diane Hammond,Marketing,Marketing Specialist,25-12-2024,harrisjeremy@hotmail.com,026.760.0839,Port Brittanychester
EMP0351,Gerald Mcgee,Sales,Product Manager,07-12-2018,ethanlove@taylor.com,232.501.9651x3895,East Jenniferhaven
EMP0352,Blake Mills DVM,Sales,Product Manager,30-09-2015,edgar21@burnett-kim.biz,(190)079-0884x372,Annfort
EMP0353,Elizabeth Ward,Engineering,Customer Support Executive,13-10-2019,matthewcantu@yahoo.com,840-039-6392,North Maria
EMP0354,Valerie Allen,Marketing,Customer Support Executive,15-05-2016,jeff96@mcknight-jones.net,(197)178-8954,Port Josephland
EMP0355,Theresa Mitchell,Admin,Finance Executive,28-10-2024,johnsonpamela@fields-warren.com,(405)075-0163x925,Michaelhaven
EMP0356,Claire Perez,Product,Admin Officer,06-08-2021,smcfarland@yahoo.com,+1-517-509-1793x6641,Jacksonberg
EMP0357,Jennifer Martin,Operations,Customer Support Executive,13-07-2024,joseph80@ellison.com,9533939130,Frazierchester
EMP0358,Frank Johnson,Operations,Operations Coordinator,14-02-2025,kyle00@herman.biz,9110232998,Port Mark
EMP0359,Tammy Parker,Engineering,Product Manager,07-11-2021,jason71@white.com,436.166.6162x579,North Julie
EMP0360,Tracy Bailey,Admin,Customer Support Executive,25-08-2016,moyerjorge@webb.com,(494)518-7437,East Zacharyburgh
EMP0361,Tiffany Rosario,Admin,Product Manager,25-03-2018,michaelwolf@perry.com,378-780-5907,Jessicaton
EMP0362,Wendy Palmer,Finance,Customer Support Executive,11-12-2020,prattdaniel@griffin-davenport.com,-6902,Danielburgh
EMP0363,Thomas Dominguez,Engineering,Finance Executive,26-04-2019,kevinfrederick@richards.com,785-409-8655x2610,North Justin
EMP0364,Laura Calhoun,IT,Product Manager,10-02-2025,katielowery@chen-sexton.net,689.144.7090,South Jacob
EMP0365,Kristin Roberts,Product,HR Manager,03-10-2020,stoneconnie@hebert.com,+1-608-038-3847x5874,North Richardborough
EMP0366,Ashley Simmons,Engineering,Operations Coordinator,13-02-2017,ruizveronica@yahoo.com,(419)304-3140x522,New Steven
EMP0367,Joseph Lopez,Marketing,Software Engineer,05-06-2017,riceashley@gilmore.biz,451.817.6813x58974,Jessicastad
EMP0368,Kathy Wilson,IT,Operations Coordinator,29-04-2024,charles97@yahoo.com,919-011-6227x07040,Michaelfurt
EMP0369,Troy Wilson,IT,Product Manager,10-02-2021,sacosta@yahoo.com,001-704-089-1079,Wintersbury
EMP0370,Heidi Anderson,IT,Sales Manager,27-05-2023,youngdustin@yahoo.com,4180643326,Lake Jeff
EMP0371,Pamela Mclaughlin,Marketing,Software Engineer,18-01-2017,timothybenitez@yahoo.com,854.313.1537x71040,Scottfurt
EMP0372,Megan Brown,Finance,Sales Manager,10-11-2015,carpentersamantha@hotmail.com,641.934.8382,Jacksonfort
EMP0373,Jason Turner,Engineering,Finance Executive,08-10-2021,gordonjacob@hotmail.com,+1-648-744-0024x895,Ericland
EMP0374,Hector Allen,Finance,HR Manager,19-01-2017,hollowaystephanie@foley-harrington.com,6565309794,Curtisborough
EMP0375,William Fritz,Finance,Operations Coordinator,13-02-2021,ubrooks@yahoo.com,+1-255-693-6262x6589,Port Lisa
EMP0376,Jessica Davis,Sales,Software Engineer,20-05-2021,eric09@cortez.com,477-674-1938x8511,Natalietown
EMP0377,James Hess,HR,Finance Executive,22-05-2016,jlewis@gmail.com,111-580-4170,East Elizabeth
EMP0378,Kimberly Townsend,Marketing,Marketing Specialist,24-05-2016,kbuchanan@wilson-stewart.net,595.014.6318x6245,Howeborough
EMP0379,James Lewis,IT,HR Manager,02-02-2019,frenchbenjamin@stokes.com,357-836-4724x02513,West Jasonberg
EMP0380,Phillip Mendoza,IT,Software Engineer,18-11-2018,tony09@boyd.com,250.156.9734x088,Sarahchester
EMP0381,Patrick Ross,HR,HR Manager,08-04-2023,cooleyandrew@lee-ortiz.org,001-597-549-7944x99645,Ashleyborough
EMP0382,Allison Moyer,Sales,Sales Manager,11-08-2015,kellyraven@turner-clark.com,(040)134-3283x67384,Lake Marymouth
EMP0383,Gary Dunn,Admin,Customer Support Executive,06-10-2021,garciakatelyn@smith.info,912-767-7028x9961,Flemingtown
EMP0384,John Brown,Operations,Finance Executive,07-09-2022,gregoryduran@yahoo.com,3279221238,Francesberg
EMP0385,Carol Ramirez,Customer Support,Operations Coordinator,29-03-2022,laurenporter@hotmail.com,943-052-3700x0295,South Davidborough
EMP0386,Candace Shea,Customer Support,Sales Manager,08-07-2022,garzarobin@yahoo.com,(815)030-0851x494,New Debra
EMP0387,Samantha Boyd,Sales,Software Engineer,16-03-2023,terryjennifer@ray.info,635-990-1275,New Christopher
EMP0388,Shannon Mooney,IT,Sales Manager,28-06-2023,harrisjoseph@yahoo.com,569.552.1431x208,New Marilynchester
EMP0389,Tracey Miller,HR,Finance Executive,24-05-2016,rlara@yahoo.com,001-166-329-7660x0992,West Marcview
EMP0390,Melissa Johnson,Customer Support,Software Engineer,04-05-2021,barrettchristina@hotmail.com,(957)091-1027,Petersonton
EMP0391,Mary Evans,Sales,Product Manager,12-04-2025,candacelucas@hotmail.com,-7163,Olsonshire
EMP0392,Curtis Phillips,Marketing,Customer Support Executive,23-10-2015,jroberts@gmail.com,+1-564-003-9380x75099,Stewartville
EMP0393,Dale Bolton,Engineering,Finance Executive,05-02-2025,roberttownsend@yahoo.com,915-533-3360x12884,North Mariafort
EMP0394,Mary Vang,Operations,Data Scientist,14-01-2023,rsanders@hotmail.com,(827)535-4163,Meyerberg
EMP0395,Marc Davis,IT,Operations Coordinator,08-02-2019,ronalddurham@lucas-velazquez.com,-4214,North Williamberg
EMP0396,Kayla Jones,IT,Software Engineer,29-03-2017,destiny85@cox.com,(344)559-2890x33940,Jacquelinefurt
EMP0397,Henry Gross,IT,Customer Support Executive,09-09-2022,benjamincooper@smith.com,+1-906-874-9710x67284,South Sarah
EMP0398,Mark Kelley,Admin,Data Scientist,25-07-2018,rosejeremy@bauer-johnson.com,001-386-284-2066x30676,North Christinemouth
EMP0399,Daniel Thomas,Finance,Product Manager,07-01-2023,sierradavis@ramos-turner.com,112.054.1825x4333,Zacharyton
EMP0400,Cynthia Miller,Product,Sales Manager,11-03-2022,otodd@anderson-tapia.com,+1-239-293-9743x74355,South Gabriella
EMP0401,Natalie Stephenson,Engineering,Finance Executive,03-05-2017,ystokes@gmail.com,001-821-956-9890,Combsport
EMP0402,Thomas Mann,Customer Support,Data Scientist,02-03-2024,ponceamy@kelley-green.org,020.911.0595x8503,Frazierport
EMP0403,Douglas Mccoy,Finance,Sales Manager,24-12-2017,buckcraig@hotmail.com,(430)119-8130,Port Jorgeland
EMP0404,Brianna Brown,Customer Support,Customer Support Executive,11-11-2018,xwilliams@sanders.net,001-419-326-5793x628,Moranchester
EMP0405,Ryan Powers,Product,Operations Coordinator,28-06-2025,matthew58@yahoo.com,+1-558-411-1025x79564,Elizabethton
EMP0406,Lisa Brown,IT,Customer Support Executive,23-10-2016,briggsjulie@gmail.com,811.681.2687,Gonzalezside
EMP0407,Gina Smith,Product,Finance Executive,29-06-2023,kristen75@hotmail.com,560.006.6006x4623,Dianaborough
EMP0408,Debra Faulkner,Admin,Marketing Specialist,30-09-2019,thomascurtis@cox-rosales.biz,(076)144-1774,Randyland
EMP0409,John Walker,Marketing,Finance Executive,04-11-2019,qpittman@gmail.com,(178)026-7195x5510,South Nicole
EMP0410,Colleen Bishop,Admin,Marketing Specialist,24-05-2022,kgardner@ellis.net,001-171-788-3668x84509,Chelseaside
EMP0411,Paul Daniels,Engineering,Data Scientist,20-10-2023,cmorgan@lam-reed.net,245-002-7556x640,Stricklandbury
EMP0412,Maria Ewing,Admin,Software Engineer,24-02-2018,kjordan@odom-mitchell.net,027.333.6219x6615,Mcdonaldfort
EMP0413,Benjamin Peterson,Product,Product Manager,03-07-2022,sheri17@hotmail.com,(971)662-0032,West Christy
EMP0414,Alan Schmidt,Finance,Marketing Specialist,16-04-2025,mcdowellsusan@ramos-schwartz.info,301-266-1380x2889,Port Marvinbury
EMP0415,Brandy Weber,Product,Data Scientist,23-12-2020,floresjulie@yahoo.com,006-369-5028,Aprilchester
EMP0416,Brian Walters,HR,Data Scientist,06-10-2019,jonesalexandria@yahoo.com,+1-746-617-6597x45453,Browntown
EMP0417,John Mccarthy,Engineering,Sales Manager,05-06-2021,vincenterica@banks.org,027.000.1429,South Sheri
EMP0418,Lisa Mendez,Customer Support,Data Scientist,07-03-2017,reevesbradley@hotmail.com,+1-351-697-8011x5954,New Katiechester
EMP0419,Jacob Chen,Finance,Sales Manager,18-01-2025,zcole@schneider-smith.com,610-416-6995,East Margaret
EMP0420,Christine Santana,HR,Product Manager,14-02-2022,erin05@dominguez-greene.org,+1-983-831-1922x875,Kennethberg
EMP0421,Lindsey Lester,Marketing,Sales Manager,27-07-2023,kbrown@hotmail.com,4681012116,Mercerport
EMP0422,Carolyn Hoover,Product,Data Scientist,08-04-2019,justinsutton@yahoo.com,354.660.0220x286,Vickiestad
EMP0423,William Lee,Product,Software Engineer,04-08-2023,mitchell68@dennis-morris.biz,(695)522-0277,Lake Valerie
EMP0424,Jeremy Thomas,HR,Admin Officer,07-05-2017,sheppardashley@hotmail.com,-10867,South Joshua
EMP0425,Jean Martinez,Operations,Software Engineer,30-07-2022,pittsstephanie@hotmail.com,+1-837-338-5805x5960,East Laura
EMP0426,Jason Williams,Marketing,Customer Support Executive,01-09-2016,aduran@ellis-armstrong.net,+1-122-248-8579x6629,North Travis
EMP0427,Kelly Bartlett,Engineering,HR Manager,04-04-2016,rodriguezbrandy@miranda-rodriguez.info,+1-404-109-9934x2146,Lake John
EMP0428,Larry Brown,Engineering,Admin Officer,16-09-2024,burnsvictoria@hotmail.com,(844)198-9139x367,Rachaelfurt
EMP0429,Gabrielle Garcia,Operations,Software Engineer,05-01-2019,brooksjulie@boyer.com,(062)712-1124x03066,Lake Tracyville
EMP0430,Ashley Nguyen,Customer Support,Data Scientist,05-04-2019,luis17@hotmail.com,6162886959,Port Samuel
EMP0431,Jennifer Davis,Engineering,Admin Officer,24-05-2023,edwardgarcia@little.net,257-663-0323x1753,New Brenda
EMP0432,Christopher Farley,Customer Support,Operations Coordinator,29-08-2015,sheadavid@gmail.com,405-996-6184x073,New Christophershire
EMP0433,Teresa Moran DDS,HR,Product Manager,01-09-2015,qsolomon@hall-delacruz.com,(428)280-5711x034,East Garyburgh
EMP0434,Jennifer Alexander,Product,Product Manager,27-07-2023,christopher58@le-cook.org,+1-652-820-4377x2566,Lake Christopherborough
EMP0435,Omar Santiago,Marketing,Operations Coordinator,31-12-2018,morganevans@hotmail.com,484.991.7716x30283,Martinhaven
EMP0436,Mary Zavala,Marketing,Sales Manager,14-07-2021,moralesdanielle@hotmail.com,262467383,North Jacobburgh
EMP0437,Christopher Chaney,Finance,Finance Executive,03-01-2024,amy76@anderson.com,921.811.2954,Maryton
EMP0438,Holly Clarke,Operations,Product Manager,12-06-2019,sullivanjoyce@washington-davis.com,982-644-6852x73492,North Jessica
EMP0439,Alexander Hodges,Operations,Admin Officer,08-07-2024,mackxavier@yahoo.com,(050)708-9488x013,Joshuaville
EMP0440,Cameron Aguirre,Marketing,Sales Manager,02-02-2021,brent69@woods.info,571-820-1181x6039,Dominiquestad
EMP0441,Timothy Morales,Marketing,Operations Coordinator,29-12-2017,agonzalez@powell-mueller.com,(114)479-2251x93104,Sherriville
EMP0442,Levi Hensley,Finance,Customer Support Executive,24-03-2023,christopher69@hotmail.com,004-254-2259x42895,Mitchellside
EMP0443,Yolanda Johnson,Operations,Software Engineer,11-09-2023,dayers@roberts-nash.org,+1-714-429-0616x9564,New Johnmouth
EMP0444,Joann Richmond,Sales,Sales Manager,17-09-2021,brandonjones@hotmail.com,284.344.1321x498,East Richardberg
EMP0445,Patricia Ingram,Admin,Customer Support Executive,15-10-2022,karenconley@king.biz,(188)780-1435,Port Glennchester
EMP0446,Connor Perry,Admin,Data Scientist,02-10-2019,belindamoyer@gamble.com,892-635-2509x453,Port Robertmouth
EMP0447,Michaela Myers,HR,Operations Coordinator,15-03-2023,ffox@hotmail.com,(559)544-7753x2956,Terryburgh
EMP0448,Henry Freeman,Marketing,Admin Officer,21-10-2015,aaguilar@yahoo.com,+1-048-909-7358x573,Lake Thomas
EMP0449,Melissa Ballard,Marketing,Operations Coordinator,23-01-2017,hudsonjeffrey@gmail.com,(718)164-3737,West Jessicastad
EMP0450,Cindy Thompson,Product,Product Manager,20-10-2018,sandra45@johnson.com,001-073-523-0738x73482,East Richardfurt
EMP0451,Edward Rivera,IT,Sales Manager,08-05-2023,millerrobert@hotmail.com,(039)406-8282x7761,Jasonchester
EMP0452,Erin Miller,Product,HR Manager,22-08-2017,bowendiana@black.info,130-562-1324,Laurastad
EMP0453,Nathan Nichols,IT,Marketing Specialist,03-05-2023,tamarasmith@bruce-cole.info,277.371.2334x714,East Ryan
EMP0454,Lisa Molina,Operations,Marketing Specialist,24-06-2023,andrewswendy@yahoo.com,823-982-5603x60374,Shermanstad
EMP0455,Gary Dixon,Finance,Operations Coordinator,27-10-2018,brandon57@hotmail.com,275-251-1937,Glennland
EMP0456,Robert Nichols,Product,Marketing Specialist,29-04-2018,lambmathew@gmail.com,+1-907-620-5858x4797,East Jason
EMP0457,Paula Todd,Engineering,HR Manager,03-11-2019,dawn60@yahoo.com,677-773-9563,South Elizabeth
EMP0458,Denise Wong,IT,Operations Coordinator,12-01-2019,heather84@gmail.com,446.653.7075x7134,Munozbury
EMP0459,Jason Frederick,Sales,Operations Coordinator,24-12-2021,hannah16@krueger.biz,001-757-005-5668x57219,Hamiltonmouth
EMP0460,Sarah Miller,Admin,Finance Executive,26-08-2023,makayla42@hotmail.com,(613)565-8705x1699,East Coryfurt
EMP0461,Valerie Doyle,Operations,Operations Coordinator,14-07-2019,kingkimberly@wilson-harris.biz,+1-664-449-1308x5131,Brentland
EMP0462,Mark Potter,HR,Sales Manager,09-03-2017,daniel27@yahoo.com,526-769-8068,Port Joseph
EMP0463,Peter Snyder,Marketing,HR Manager,16-03-2022,msmith@hotmail.com,980.546.3571,East Ryanland
EMP0464,Scott Wheeler,Operations,Operations Coordinator,22-12-2018,charles63@hotmail.com,(403)011-8823x62306,East Georgestad
EMP0465,Chad Burns,Admin,Admin Officer,26-05-2016,loganwilliam@gmail.com,(871)427-3071x506,North Gabrielle
EMP0466,Christina Castro,HR,Finance Executive,02-08-2020,randallsilva@gmail.com,(094)088-6012x855,Smithville
EMP0467,Margaret Mejia,Admin,Customer Support Executive,25-03-2023,rdoyle@hotmail.com,001-317-770-0508x85586,Justinport
EMP0468,Michael Martinez,Sales,Finance Executive,18-01-2016,dgonzalez@richardson-martinez.com,001-153-953-4787x2757,Hensleyport
EMP0469,Linda Wood,Marketing,Sales Manager,03-08-2021,carrierichardson@yahoo.com,245.059.5152x756,Haleyburgh
EMP0470,Jeffrey Pearson,HR,Operations Coordinator,30-05-2025,craigpowell@scott-maynard.net,012.760.0920,New Valerieberg
EMP0471,Janet Bentley,Marketing,Sales Manager,04-04-2020,nmccarty@morrison.com,(562)891-4281x2236,Waltersmouth
EMP0472,Kimberly Noble,Sales,Finance Executive,29-05-2019,aimeewilliams@gmail.com,(795)359-9843x198,Fisherstad
EMP0473,Heidi Knox,IT,Sales Manager,08-02-2025,mtran@odom.com,231.765.7997,Port Sarahmouth
EMP0474,Matthew White,IT,Software Engineer,19-06-2019,veronicagarza@morris.com,208.125.8102x074,West Stacyville
EMP0475,Heather Allison,IT,Customer Support Executive,11-06-2017,qjames@gmail.com,038.879.2844,East Tricia
EMP0476,Matthew Stewart,HR,Finance Executive,20-05-2025,christopher08@hotmail.com,+1-697-712-1858x573,Wileyport
EMP0477,Paula Lopez,Finance,Software Engineer,21-07-2020,thomasmisty@gmail.com,955.591.2355,Cassandraside
EMP0478,Caitlyn Harris,Operations,Customer Support Executive,11-01-2024,sampsonmichael@gmail.com,435-165-0364,Port Sophiaborough
EMP0479,Steven Marshall,Customer Support,Operations Coordinator,31-12-2019,duffywilliam@burch-taylor.com,035-880-4607x927,Brianfort
EMP0480,Patricia Li,Customer Support,Product Manager,27-08-2018,crussell@white-lucero.org,(883)440-6366,East David
EMP0481,Fernando Lopez,Sales,Finance Executive,29-06-2016,zschroeder@lopez.biz,713-677-3487x38270,New Joseph
EMP0482,Philip Johnston,Customer Support,Operations Coordinator,17-06-2019,jessicamiller@baxter-kim.net,430-491-1379x8485,Maldonadoshire
EMP0483,Eric Coleman,IT,Product Manager,13-08-2020,weberrachael@yahoo.com,966.051.7572,Lake Kimberly
EMP0484,Ryan Davis,Engineering,Data Scientist,04-11-2019,eric57@mercer-martin.biz,403.286.3614,South Virginialand
EMP0485,Pamela Owen,Operations,Admin Officer,13-02-2021,rickyevans@hotmail.com,559-987-3414x6160,Karenfort
EMP0486,Kevin Terry,Marketing,Finance Executive,15-01-2016,xrodriguez@gmail.com,+1-880-679-3789x51373,North Craigland
EMP0487,Samuel Carey,Marketing,Software Engineer,01-08-2023,lynn15@mack.com,672.241.4234x5131,Lake Jessicaville
EMP0488,Mrs. Angela Sanchez,Product,Product Manager,27-10-2020,stephenstephenson@yahoo.com,001-769-907-7830x05684,Cooperview
EMP0489,Thomas Harris,HR,Product Manager,24-08-2020,brewerkimberly@berry-ortiz.com,1714373968,North Jamie
EMP0490,Carrie Bowman,Operations,Data Scientist,14-10-2023,qgriffin@hotmail.com,+1-613-875-6668x8920,Watsonmouth
EMP0491,James Lane,Product,Finance Executive,05-02-2020,pamela71@long.info,(751)780-2399x784,Hudsonborough
EMP0492,Kimberly Caldwell,Sales,Product Manager,28-04-2020,rwhitaker@gmail.com,157.986.1385x3203,Mullenville
EMP0493,Erica Chandler,Product,Operations Coordinator,22-10-2020,robinsonyolanda@yahoo.com,584-209-2313x18063,Port Brittany
EMP0494,Roy Hawkins,HR,Data Scientist,15-08-2017,daniel66@yahoo.com,+1-597-375-8737x02346,East Meganmouth
EMP0495,Joseph Patterson,Admin,Admin Officer,24-11-2023,rachellogan@barron.com,425.208.4041,Vincentside
EMP0496,George Rivera,Operations,Customer Support Executive,24-09-2016,mcgeesteven@saunders.com,472.588.3310,Mathismouth
EMP0497,Leonard Dawson,Marketing,Sales Manager,14-10-2023,karenclark@yahoo.com,(217)531-1230x305,New Russelltown
EMP0498,Luis Thompson,Sales,Admin Officer,03-03-2023,madisonmendez@yahoo.com,793.581.6430x510,North Paulburgh
EMP0499,Shannon Hernandez,Customer Support,Operations Coordinator,03-06-2025,mjohnson@webb.com,-9863,South Emilyton
EMP0500,Angela Perkins,Engineering,Admin Officer,29-08-2017,kayla76@barker-morris.com,001-482-008-3649x42539,Robertmouth
EMP0501,Mariah Ballard,Sales,Finance Executive,07-02-2022,aknight@andrews-spears.net,(543)891-3848x8730,New Sydneyberg
EMP0502,Thomas Butler,Product,Marketing Specialist,24-05-2021,jacksonmichael@yahoo.com,077-759-8851x609,Johnmouth
EMP0503,Tyler Williams,Engineering,Customer Support Executive,21-02-2018,steven65@garrett.org,(891)391-7108x5670,South Jessica
EMP0504,Lori Banks,Finance,Admin Officer,10-12-2016,amy68@gmail.com,008-474-5258,Lake Haley
